{"stats":{"minecraft:picked_up":{"rocks:starfish":1},"minecraft:mined":{"rocks:starfish":1},"minecraft:dropped":{"rocks:starfish":1},"minecraft:custom":{"minecraft:jump":7,"minecraft:time_since_rest":5714,"minecraft:crouch_one_cm":2,"minecraft:sprint_one_cm":1445,"minecraft:play_time":5714,"minecraft:time_since_death":5714,"minecraft:walk_one_cm":2792,"minecraft:sneak_time":42,"minecraft:total_world_time":5714,"minecraft:drop":1,"minecraft:fall_one_cm":418,"minecraft:fly_one_cm":65792}},"DataVersion":2975}